id,name,role
1,Alice_1,CEO
2,Bob_2,Vice President
3,Carol_3,Vice President
4,Dave_4,Vice President
5,Eve_5,Director
6,Frank_6,Director
7,Grace_7,Director
8,Hank_8,Director
9,Iris_9,Director
10,Jack_10,Director
11,Karen_11,Director
12,Leo_12,Director
13,Maya_13,Director
14,Nate_14,Senior Manager
15,Olivia_15,Senior Manager
16,Paul_16,Senior Manager
17,Quinn_17,Senior Manager
18,Rose_18,Senior Manager
19,Sam_19,Senior Manager
20,Tina_20,Senior Manager
21,Uma_21,Senior Manager
22,Victor_22,Senior Manager
23,Wendy_23,Senior Manager
24,Xander_24,Senior Manager
25,Yara_25,Senior Manager
26,Zack_26,Senior Manager
27,Ava_27,Senior Manager
28,Ben_28,Senior Manager
29,Chloe_29,Senior Manager
30,Dylan_30,Senior Manager
31,Ella_31,Senior Manager
32,Finn_32,Senior Manager
33,Alice_33,Senior Manager
34,Bob_34,Senior Manager
35,Carol_35,Senior Manager
36,Dave_36,Senior Manager
37,Eve_37,Senior Manager
38,Frank_38,Senior Manager
39,Grace_39,Senior Manager
40,Hank_40,Senior Manager
41,Iris_41,Manager
42,Jack_42,Manager
43,Karen_43,Manager
44,Leo_44,Manager
45,Maya_45,Manager
46,Nate_46,Manager
47,Olivia_47,Manager
48,Paul_48,Manager
49,Quinn_49,Manager
50,Rose_50,Manager
51,Sam_51,Manager
52,Tina_52,Manager
53,Uma_53,Manager
54,Victor_54,Manager
55,Wendy_55,Manager
56,Xander_56,Manager
57,Yara_57,Manager
58,Zack_58,Manager
59,Ava_59,Manager
60,Ben_60,Manager
61,Chloe_61,Manager
62,Dylan_62,Manager
63,Ella_63,Manager
64,Finn_64,Manager
65,Alice_65,Manager
66,Bob_66,Manager
67,Carol_67,Manager
68,Dave_68,Manager
69,Eve_69,Manager
70,Frank_70,Manager
71,Grace_71,Manager
72,Hank_72,Manager
73,Iris_73,Manager
74,Jack_74,Manager
75,Karen_75,Manager
76,Leo_76,Manager
77,Maya_77,Manager
78,Nate_78,Manager
79,Olivia_79,Manager
80,Paul_80,Manager
81,Quinn_81,Manager
82,Rose_82,Manager
83,Sam_83,Manager
84,Tina_84,Manager
85,Uma_85,Manager
86,Victor_86,Manager
87,Wendy_87,Manager
88,Xander_88,Manager
89,Yara_89,Manager
90,Zack_90,Manager
91,Ava_91,Manager
92,Ben_92,Manager
93,Chloe_93,Manager
94,Dylan_94,Manager
95,Ella_95,Manager
96,Finn_96,Manager
97,Alice_97,Manager
98,Bob_98,Manager
99,Carol_99,Manager
100,Dave_100,Manager
101,Eve_101,Manager
102,Frank_102,Manager
103,Grace_103,Manager
104,Hank_104,Manager
105,Iris_105,Manager
106,Jack_106,Manager
107,Karen_107,Manager
108,Leo_108,Manager
109,Maya_109,Manager
110,Nate_110,Manager
111,Olivia_111,Manager
112,Paul_112,Manager
113,Quinn_113,Manager
114,Rose_114,Manager
115,Sam_115,Manager
116,Tina_116,Manager
117,Uma_117,Manager
118,Victor_118,Manager
119,Wendy_119,Manager
120,Xander_120,Manager
121,Yara_121,Manager
